{"cameraMode":{"drawMode":0,"name":"Shaded","section":"Shading Mode"},"sceneLighting":false,"audioPlay":false,"sceneViewState":{"showFog":true,"showMaterialUpdate":true,"showSkybox":false,"showFlares":true,"showImageEffects":true,"showParticleSystems":true},"in2DMode":false,"pivot":{"x":0.5652469992637634,"y":8.655652046203614,"z":-1.0373735427856446},"rotation":{"x":0.023034900426864625,"y":0.9708096981048584,"z":-0.21486078202724458,"w":0.1040792316198349},"size":1.7289419174194337,"orthographic":false}