{"cameraMode":{"drawMode":0,"name":"Shaded","section":"Shading Mode"},"sceneLighting":true,"audioPlay":false,"sceneViewState":{"showFog":true,"showMaterialUpdate":true,"showSkybox":true,"showFlares":true,"showImageEffects":true,"showParticleSystems":true},"in2DMode":false,"pivot":{"x":2.161039113998413,"y":4.399042129516602,"z":0.35431337356567385},"rotation":{"x":0.1555895358324051,"y":-0.03259623423218727,"z":0.00513690710067749,"w":0.9872700572013855},"size":6.827241897583008,"orthographic":false}